Volume,Harmonic1,Harmonic2,Harmonic3,Harmonic4,Error1,Error2,Error3,Error4
50,216.06666666666672,1412.7333333333333,1992.0666666666666,3103.8666666666663,2.844878439113584,3.3005050118630144,6.178457196852114,23.715255287121206
100,245.0666666666667,1570.2666666666667,2196.7999999999997,3395.9333333333343,0.8082903768654793,0.5033222956847107,263.15531535577986,1.404753833714018
150,295.0666666666667,1707.5333333333335,2951.466666666667,3821.533333333334,0.9018499505645844,2.119748412744529,7.015221545563098,3.9004273270163354
200,395.06666666666666,1940.8666666666668,3401.9333333333343,5218.666666666668,2.0526405757787622,14.064612804245007,1.2055427546683894,717.0128683178104
250,722.0666666666667,4414.066666666667,6262.000000000001,9613.2,0.9237604307033487,59.7428935801853,6.4373907757731335,903.3438547972745
