Angle,Magnitude
0,68.881148951559
20,65.16952626052391
40,66.44677989207986
60,70.27604064452362
80,66.42742847749163
100,56.77353891143605
120,65.1706848481514
140,70.53673300239245
160,69.71312980821801
180,70.03615459102157
200,68.74195695268187
220,70.32424519551172
240,66.21761624107954
260,60.57159116410706
280,66.23201827015711
300,69.49437098313376
320,69.01495667819638
340,68.96197440048725
360,69.3970809601001
