Frequency,Magnitude
100,80.00984684399013
200,85.19096806862807
400,86.0496170519443
800,74.89998042828832
1600,91.18686978416036
3200,84.88033092010781
6400,65.4861109924557
12800,68.45840472559865
