Frequency,Magnitude
100,8.400000000000006
200,5.599999999999996
400,-1.5999999999999974
800,-9.0
1600,-9.0
3200,-1.5999999999999974
6400,5.599999999999996
12800,8.400000000000006
