Input,Output
7.199999999999998,14.199999999999998
5.799999999999998,14.600000000000001
0.20000000000000123,12.800000000000002
-10.000000000000004,11.599999999999998
-14.2,11.2
-14.2,11.2
-11.2,11.599999999999998
0.20000000000000123,12.800000000000002
4.600000000000002,14.600000000000001
7.199999999999998,14.199999999999998
